,barcodekey,subclass
0,key1-0,Oligo
1,key2-0,Oligo
2,key3-0,Oligo
3,key4-0,IN_PVALB
4,key5-0,IN_VIP
5,key6-0,Oligo
6,key7-0,Oligo
7,key8-0,Oligo
8,key9-0,Micro
9,key10-0,EN_L2_3_IT
10,key11-0,Oligo
11,key12-0,Oligo
12,key13-0,Astro
13,key14-0,Oligo
14,key15-0,EN_L3_5_IT_1
15,key16-0,PC
16,key17-0,Astro
17,key18-0,Oligo
18,key19-0,Astro
19,key20-0,IN_LAMP5_LHX6
20,key21-0,Oligo
21,key22-0,Oligo
22,key23-0,OPC
23,key24-0,Oligo
24,key25-0,Oligo
25,key26-0,OPC
26,key27-0,Oligo
27,key28-0,EN_L2_3_IT
28,key29-0,Oligo
29,key30-0,Oligo
30,key31-0,EN_L3_5_IT_2
31,key32-0,Oligo
32,key33-0,Oligo
33,key34-0,Oligo
34,key35-0,Micro
35,key36-0,EN_L2_3_IT
36,key37-0,EN_L3_5_IT_3
37,key38-0,EN_L3_5_IT_2
38,key39-0,Oligo
39,key40-0,Oligo
40,key41-0,Astro
41,key42-0,Astro
42,key43-0,IN_LAMP5_RELN
43,key44-0,EN_L2_3_IT
44,key45-0,IN_VIP
45,key46-0,Oligo
46,key47-0,Astro
47,key48-0,EN_L6_CT
48,key49-0,Oligo
49,key50-0,Oligo
50,key51-0,VLMC
51,key52-0,Micro
52,key53-0,Oligo
53,key54-0,Micro
54,key55-0,Astro
55,key56-0,IN_SST
56,key57-0,IN_SST
57,key58-0,Astro
58,key59-0,Oligo
59,key60-0,Astro
60,key61-0,Astro
61,key62-0,Oligo
62,key63-0,Micro
63,key64-0,PVM
64,key65-0,EN_L3_5_IT_2
65,key66-0,IN_PVALB
66,key67-0,OPC
67,key68-0,EN_L2_3_IT
68,key69-0,Micro
69,key70-0,EN_L2_3_IT
70,key71-0,IN_SST
71,key72-0,IN_SST
72,key73-0,Astro
73,key74-0,EN_L2_3_IT
74,key75-0,Oligo
75,key76-0,EN_L2_3_IT
76,key77-0,IN_VIP
77,key78-0,Oligo
78,key79-0,EN_L2_3_IT
79,key80-0,Oligo
80,key81-0,OPC
81,key82-0,OPC
82,key83-0,Oligo
83,key84-0,Micro
84,key85-0,Astro
85,key86-0,Micro
86,key87-0,EN_L2_3_IT
87,key88-0,IN_VIP
88,key89-0,IN_PVALB_CHC
89,key90-0,Oligo
90,key91-0,IN_SST
91,key92-0,EN_L2_3_IT
92,key93-0,Oligo
93,key94-0,Oligo
94,key95-0,Oligo
95,key96-0,EN_L2_3_IT
96,key97-0,IN_PVALB
97,key98-0,IN_SST
98,key99-0,Astro
99,key100-0,IN_PVALB
100,key101-0,Micro
101,key102-0,Oligo
102,key103-0,Oligo
103,key104-0,Oligo
104,key105-0,Oligo
105,key106-0,EN_L3_5_IT_3
106,key107-0,Oligo
107,key108-0,IN_ADARB2
108,key109-0,Astro
109,key110-0,Oligo
110,key111-0,Oligo
111,key112-0,Astro
112,key113-0,IN_SST
113,key114-0,IN_PVALB
114,key115-0,Micro
115,key116-0,Astro
116,key117-0,EN_L3_5_IT_1
117,key118-0,Oligo
118,key119-0,IN_LAMP5_LHX6
119,key120-0,OPC
120,key121-0,Oligo
121,key122-0,IN_SST
122,key123-0,IN_PVALB_CHC
123,key124-0,IN_VIP
124,key125-0,Astro
125,key126-0,EN_L3_5_IT_2
126,key127-0,IN_SST
127,key128-0,Astro
128,key129-0,Oligo
129,key130-0,Oligo
130,key131-0,Oligo
131,key132-0,Oligo
132,key133-0,OPC
133,key134-0,EN_L2_3_IT
134,key135-0,Oligo
135,key136-0,IN_SST
136,key137-0,Micro
137,key138-0,IN_LAMP5_LHX6
138,key139-0,Astro
139,key140-0,IN_SST
140,key141-0,Astro
141,key142-0,IN_PVALB
142,key143-0,Oligo
143,key144-0,Oligo
144,key145-0,EN_L3_5_IT_3
145,key146-0,Oligo
146,key147-0,OPC
147,key148-0,EN_L2_3_IT
148,key149-0,Oligo
149,key150-0,IN_SST
150,key151-0,Oligo
151,key152-0,Oligo
152,key153-0,Oligo
153,key154-0,Astro
154,key155-0,OPC
155,key156-0,Astro
156,key157-0,IN_SST
157,key158-0,EN_L2_3_IT
158,key159-0,IN_SST
159,key160-0,EN_L2_3_IT
160,key161-0,IN_VIP
161,key162-0,Astro
162,key163-0,Oligo
163,key164-0,IN_PVALB
164,key165-0,IN_PVALB
165,key166-0,IN_PVALB
166,key167-0,Oligo
167,key168-0,Oligo
168,key169-0,Oligo
169,key170-0,Astro
170,key171-0,Oligo
171,key172-0,Astro
172,key173-0,IN_SST
173,key174-0,Micro
174,key175-0,EN_L3_5_IT_3
175,key176-0,IN_SST
176,key177-0,EN_L3_5_IT_3
177,key178-0,Oligo
178,key179-0,Oligo
179,key180-0,Astro
180,key181-0,Astro
181,key182-0,Oligo
182,key183-0,Astro
183,key184-0,Oligo
184,key185-0,Oligo
185,key186-0,Oligo
186,key187-0,Oligo
187,key188-0,EN_L2_3_IT
188,key189-0,IN_ADARB2
189,key190-0,Oligo
190,key191-0,Astro
191,key192-0,Oligo
192,key193-0,EN_L2_3_IT
193,key194-0,Astro
194,key195-0,PVM
195,key196-0,Oligo
196,key197-0,Astro
197,key198-0,EN_L2_3_IT
198,key199-0,OPC
199,key200-0,IN_PVALB
200,key201-0,Astro
201,key202-0,IN_VIP
202,key203-0,Oligo
203,key204-0,Oligo
204,key205-0,Oligo
205,key206-0,Astro
206,key207-0,OPC
207,key208-0,Oligo
208,key209-0,Oligo
209,key210-0,Astro
210,key211-0,VLMC
211,key212-0,IN_PVALB
212,key213-0,Oligo
213,key214-0,Micro
214,key215-0,EN_L3_5_IT_3
215,key216-0,Oligo
216,key217-0,Oligo
217,key218-0,IN_PVALB
218,key219-0,Oligo
219,key220-0,IN_ADARB2
220,key221-0,Oligo
221,key222-0,Oligo
222,key223-0,Oligo
223,key224-0,Oligo
224,key225-0,EN_L2_3_IT
225,key226-0,Astro
226,key227-0,Oligo
227,key228-0,Oligo
228,key229-0,Oligo
229,key230-0,Astro
230,key231-0,EN_L2_3_IT
231,key232-0,Oligo
232,key233-0,Astro
233,key234-0,OPC
234,key235-0,Oligo
235,key236-0,Astro
236,key237-0,Oligo
237,key238-0,Micro
238,key239-0,Oligo
239,key240-0,Astro
240,key241-0,Oligo
241,key242-0,IN_PVALB
242,key243-0,IN_VIP
243,key244-0,IN_SST
244,key245-0,Oligo
245,key246-0,Astro
246,key247-0,Oligo
247,key248-0,IN_SST
248,key249-0,IN_VIP
249,key250-0,Micro
250,key251-0,Oligo
251,key252-0,Oligo
252,key253-0,Oligo
253,key254-0,Oligo
254,key255-0,EN_L2_3_IT
255,key256-0,Oligo
256,key257-0,Astro
257,key258-0,IN_VIP
258,key259-0,Oligo
259,key260-0,EN_L2_3_IT
260,key261-0,Oligo
261,key262-0,Astro
262,key263-0,Astro
263,key264-0,Oligo
264,key265-0,Micro
265,key266-0,Oligo
266,key267-0,Oligo
267,key268-0,Oligo
268,key269-0,EN_L3_5_IT_3
269,key270-0,Oligo
270,key271-0,Oligo
271,key272-0,IN_SST
272,key273-0,IN_SST
273,key274-0,IN_ADARB2
274,key275-0,EN_L2_3_IT
275,key276-0,IN_SST
276,key277-0,IN_VIP
277,key278-0,EN_L3_5_IT_3
278,key279-0,Oligo
279,key280-0,Oligo
280,key281-0,Astro
281,key282-0,Oligo
282,key283-0,Astro
283,key284-0,Oligo
284,key285-0,IN_SST
285,key286-0,Astro
286,key287-0,Astro
287,key288-0,IN_PVALB
288,key289-0,IN_SST
289,key290-0,EN_L3_5_IT_3
290,key291-0,IN_SST
291,key292-0,Oligo
292,key293-0,EN_L2_3_IT
293,key294-0,Astro
294,key295-0,IN_VIP
295,key296-0,Oligo
296,key297-0,EN_L6B
297,key298-0,Astro
298,key299-0,EN_L2_3_IT
299,key300-0,Astro
300,key301-0,Oligo
301,key302-0,EN_L6_CT
302,key303-0,Oligo
303,key304-0,Oligo
304,key305-0,Oligo
305,key306-0,Oligo
306,key307-0,IN_VIP
307,key308-0,OPC
308,key309-0,Micro
309,key310-0,Oligo
310,key311-0,Oligo
311,key312-0,Oligo
312,key313-0,Oligo
313,key314-0,OPC
314,key315-0,Oligo
315,key316-0,IN_PVALB_CHC
316,key317-0,Astro
317,key318-0,Micro
318,key319-0,EN_L3_5_IT_3
319,key320-0,Oligo
320,key321-0,EN_L3_5_IT_3
321,key322-0,Oligo
322,key323-0,IN_ADARB2
323,key324-0,EN_L2_3_IT
324,key325-0,Oligo
325,key326-0,Oligo
326,key327-0,Astro
327,key328-0,Oligo
328,key329-0,Astro
329,key330-0,Oligo
330,key331-0,Oligo
331,key332-0,EN_L2_3_IT
332,key333-0,EN_L3_5_IT_3
333,key334-0,Oligo
334,key335-0,Oligo
335,key336-0,IN_ADARB2
336,key337-0,Micro
337,key338-0,Astro
338,key339-0,IN_PVALB_CHC
339,key340-0,IN_SST
340,key341-0,IN_ADARB2
341,key342-0,Astro
342,key343-0,Oligo
343,key344-0,EN_L2_3_IT
344,key345-0,Oligo
345,key346-0,EN_L2_3_IT
346,key347-0,OPC
347,key348-0,EN_L6_IT_1
348,key349-0,Astro
349,key350-0,Astro
350,key351-0,EN_L2_3_IT
351,key352-0,EN_L6_IT_1
352,key353-0,Oligo
353,key354-0,EN_L2_3_IT
354,key355-0,Astro
355,key356-0,IN_SST
356,key357-0,Oligo
357,key358-0,Oligo
358,key359-0,Astro
359,key360-0,Oligo
360,key361-0,Astro
361,key362-0,Oligo
362,key363-0,Oligo
363,key364-0,EN_L3_5_IT_3
364,key365-0,IN_VIP
365,key366-0,IN_PVALB_CHC
366,key367-0,IN_ADARB2
367,key368-0,Astro
368,key369-0,IN_SST
369,key370-0,EN_L6_CT
370,key371-0,Oligo
371,key372-0,EN_L3_5_IT_2
372,key373-0,Astro
373,key374-0,Oligo
374,key375-0,Oligo
375,key376-0,Oligo
376,key377-0,OPC
377,key378-0,Oligo
378,key379-0,Oligo
379,key380-0,EN_L3_5_IT_3
380,key381-0,EN_L2_3_IT
381,key382-0,IN_PVALB
382,key383-0,Oligo
383,key384-0,Oligo
384,key385-0,Oligo
385,key386-0,OPC
386,key387-0,EN_L2_3_IT
387,key388-0,IN_SST
388,key389-0,Oligo
389,key390-0,EN_L2_3_IT
390,key391-0,Oligo
391,key392-0,Astro
392,key393-0,Oligo
393,key394-0,Oligo
394,key395-0,Oligo
395,key396-0,IN_SST
396,key397-0,Oligo
397,key398-0,EN_L2_3_IT
398,key399-0,Oligo
399,key400-0,EN_L2_3_IT
400,key401-0,Oligo
401,key402-0,Astro
402,key403-0,Astro
403,key404-0,EN_L3_5_IT_3
404,key405-0,Astro
405,key406-0,Micro
406,key407-0,Oligo
407,key408-0,EN_L2_3_IT
408,key409-0,OPC
409,key410-0,EN_L2_3_IT
410,key411-0,Micro
411,key412-0,Oligo
412,key413-0,VLMC
413,key414-0,Oligo
414,key415-0,IN_VIP
415,key416-0,Oligo
416,key417-0,EN_L2_3_IT
417,key418-0,Oligo
418,key419-0,Oligo
419,key420-0,OPC
420,key421-0,Oligo
421,key422-0,EN_L3_5_IT_3
422,key423-0,IN_VIP
423,key424-0,Oligo
424,key425-0,Oligo
425,key426-0,IN_VIP
426,key427-0,IN_ADARB2
427,key428-0,Oligo
428,key429-0,Oligo
429,key430-0,Oligo
430,key431-0,Micro
431,key432-0,Oligo
432,key433-0,Astro
433,key434-0,IN_PVALB
434,key435-0,Oligo
435,key436-0,IN_PVALB
436,key437-0,Oligo
437,key438-0,Astro
438,key439-0,IN_PVALB_CHC
439,key440-0,Astro
440,key441-0,Astro
441,key442-0,Astro
442,key443-0,Oligo
443,key444-0,Oligo
444,key445-0,Astro
445,key446-0,Astro
446,key447-0,Oligo
447,key448-0,Astro
448,key449-0,EN_L6_CT
449,key450-0,Oligo
450,key451-0,Oligo
451,key452-0,Oligo
452,key453-0,IN_SST
453,key454-0,Astro
454,key455-0,Oligo
455,key456-0,Astro
456,key457-0,EN_L3_5_IT_3
457,key458-0,Astro
458,key459-0,PC
459,key460-0,Oligo
460,key461-0,EN_L3_5_IT_3
461,key462-0,Oligo
462,key463-0,Micro
463,key464-0,EN_L2_3_IT
464,key465-0,EN_L6B
465,key466-0,EN_L2_3_IT
466,key467-0,Oligo
467,key468-0,EN_L2_3_IT
468,key469-0,Astro
469,key470-0,Oligo
470,key471-0,Oligo
471,key472-0,EN_L6B
472,key473-0,Oligo
473,key474-0,Oligo
474,key475-0,IN_PVALB
475,key476-0,EN_L2_3_IT
476,key477-0,Oligo
477,key478-0,Oligo
478,key479-0,OPC
479,key480-0,Oligo
480,key481-0,Oligo
481,key482-0,EN_L2_3_IT
482,key483-0,Micro
483,key484-0,Micro
484,key485-0,Micro
485,key486-0,Oligo
486,key487-0,Astro
487,key488-0,IN_VIP
488,key489-0,Oligo
489,key490-0,EN_L6_IT_1
490,key491-0,EN_L2_3_IT
491,key492-0,Oligo
492,key493-0,Oligo
493,key494-0,Oligo
494,key495-0,Oligo
495,key496-0,IN_SST
496,key497-0,Oligo
497,key498-0,IN_LAMP5_RELN
498,key499-0,EN_L2_3_IT
499,key500-0,EN_L2_3_IT
500,key501-0,Oligo
501,key502-0,Micro
502,key503-0,Astro
503,key504-0,Oligo
504,key505-0,EN_L3_5_IT_1
505,key506-0,EN_L6_CT
506,key507-0,Oligo
507,key508-0,Micro
508,key509-0,Oligo
509,key510-0,Oligo
510,key511-0,Oligo
511,key512-0,EN_L3_5_IT_1
512,key513-0,EN_L2_3_IT
513,key514-0,Astro
514,key515-0,SMC
515,key516-0,IN_VIP
516,key517-0,Oligo
517,key518-0,Oligo
518,key519-0,EN_L3_5_IT_2
519,key520-0,IN_VIP
520,key521-0,EN_L2_3_IT
521,key522-0,Oligo
522,key523-0,IN_VIP
523,key524-0,Astro
524,key525-0,EN_L2_3_IT
525,key526-0,EN_L2_3_IT
526,key527-0,EN_L3_5_IT_2
527,key528-0,Oligo
528,key529-0,EN_L2_3_IT
529,key530-0,Astro
530,key531-0,EN_L3_5_IT_1
531,key532-0,EN_L3_5_IT_2
532,key533-0,EN_L3_5_IT_1
533,key534-0,EN_L6_CT
534,key535-0,Oligo
535,key536-0,Oligo
536,key537-0,Oligo
537,key538-0,Micro
538,key539-0,Oligo
539,key540-0,EN_L3_5_IT_2
540,key541-0,Micro
541,key542-0,EN_L2_3_IT
542,key543-0,Oligo
543,key544-0,Oligo
544,key545-0,EN_L2_3_IT
545,key546-0,Oligo
546,key547-0,IN_LAMP5_LHX6
547,key548-0,IN_VIP
548,key549-0,Micro
549,key550-0,Oligo
550,key551-0,IN_VIP
551,key552-0,Oligo
552,key553-0,Astro
553,key554-0,Oligo
554,key555-0,Oligo
555,key556-0,Astro
556,key557-0,PVM
557,key558-0,Astro
558,key559-0,Astro
559,key560-0,Astro
560,key561-0,IN_VIP
561,key562-0,IN_VIP
562,key563-0,IN_PVALB
563,key564-0,EN_L3_5_IT_2
564,key565-0,Astro
565,key566-0,EN_L2_3_IT
566,key567-0,Micro
567,key568-0,EN_L3_5_IT_1
568,key569-0,Oligo
569,key570-0,EN_L2_3_IT
570,key571-0,Oligo
571,key572-0,IN_SST
572,key573-0,EN_L2_3_IT
573,key574-0,OPC
574,key575-0,IN_PVALB
575,key576-0,Astro
576,key577-0,EN_L2_3_IT
577,key578-0,Oligo
578,key579-0,Micro
579,key580-0,Micro
580,key581-0,EN_L2_3_IT
581,key582-0,IN_VIP
582,key583-0,IN_ADARB2
583,key584-0,Oligo
584,key585-0,Oligo
585,key586-0,Oligo
586,key587-0,Oligo
587,key588-0,Micro
588,key589-0,Oligo
589,key590-0,Oligo
590,key591-0,EN_L3_5_IT_3
591,key592-0,EN_L3_5_IT_3
592,key593-0,Astro
593,key594-0,EN_L3_5_IT_1
594,key595-0,Oligo
595,key596-0,IN_PVALB
596,key597-0,Astro
597,key598-0,Oligo
598,key599-0,IN_VIP
599,key600-0,EN_L2_3_IT
600,key601-0,Oligo
601,key602-0,Oligo
602,key603-0,Astro
603,key604-0,Astro
604,key605-0,Astro
605,key606-0,Oligo
606,key607-0,Micro
607,key608-0,EN_L3_5_IT_3
608,key609-0,OPC
609,key610-0,Oligo
610,key611-0,IN_VIP
611,key612-0,OPC
612,key613-0,Oligo
613,key614-0,Micro
614,key615-0,EN_L2_3_IT
615,key616-0,Oligo
616,key617-0,EN_L2_3_IT
617,key618-0,EN_L2_3_IT
618,key619-0,IN_VIP
619,key620-0,IN_SST
620,key621-0,Oligo
621,key622-0,IN_LAMP5_RELN
622,key623-0,IN_LAMP5_RELN
623,key624-0,Oligo
624,key625-0,Oligo
625,key626-0,IN_VIP
626,key627-0,IN_SST
627,key628-0,Oligo
628,key629-0,IN_ADARB2
629,key630-0,Oligo
630,key631-0,EN_L2_3_IT
631,key632-0,IN_VIP
632,key633-0,IN_SST
633,key634-0,Astro
634,key635-0,Oligo
635,key636-0,Oligo
636,key637-0,Oligo
637,key638-0,Astro
638,key639-0,Astro
639,key640-0,Astro
640,key641-0,IN_ADARB2
641,key642-0,IN_VIP
642,key643-0,Oligo
643,key644-0,Oligo
644,key645-0,Astro
645,key646-0,EN_L6_CT
646,key647-0,OPC
647,key648-0,IN_SST
648,key649-0,IN_LAMP5_LHX6
649,key650-0,Micro
650,key651-0,OPC
651,key652-0,Oligo
652,key653-0,Oligo
653,key654-0,Oligo
654,key655-0,VLMC
655,key656-0,Oligo
656,key657-0,Oligo
657,key658-0,OPC
658,key659-0,Oligo
659,key660-0,Oligo
660,key661-0,EN_L2_3_IT
661,key662-0,Astro
662,key663-0,Oligo
663,key664-0,IN_VIP
664,key665-0,Astro
665,key666-0,Oligo
666,key667-0,Oligo
667,key668-0,EN_L3_5_IT_3
668,key669-0,Oligo
669,key670-0,Astro
670,key671-0,Oligo
671,key672-0,Oligo
672,key673-0,EN_L6_IT_1
673,key674-0,Oligo
674,key675-0,PVM
675,key676-0,Oligo
676,key677-0,Oligo
677,key678-0,Astro
678,key679-0,IN_VIP
679,key680-0,Oligo
680,key681-0,IN_SST
681,key682-0,OPC
682,key683-0,Astro
683,key684-0,Oligo
684,key685-0,IN_VIP
685,key686-0,EN_L6_CT
686,key687-0,Astro
687,key688-0,EN_L2_3_IT
688,key689-0,EN_L6_IT_2
689,key690-0,Micro
690,key691-0,Astro
691,key692-0,EN_L2_3_IT
692,key693-0,Astro
693,key694-0,Oligo
694,key695-0,EN_L3_5_IT_1
695,key696-0,Micro
696,key697-0,Oligo
697,key698-0,IN_SST
698,key699-0,Oligo
699,key700-0,Oligo
700,key701-0,Oligo
701,key702-0,Micro
702,key703-0,Oligo
703,key704-0,EN_L6B
704,key705-0,Oligo
705,key706-0,IN_VIP
706,key707-0,Oligo
707,key708-0,Oligo
708,key709-0,Oligo
709,key710-0,Oligo
710,key711-0,Oligo
711,key712-0,Oligo
712,key713-0,IN_PVALB
713,key714-0,Astro
714,key715-0,IN_VIP
715,key716-0,OPC
716,key717-0,Oligo
717,key718-0,Oligo
718,key719-0,IN_ADARB2
719,key720-0,OPC
720,key721-0,IN_SST
721,key722-0,EN_L3_5_IT_1
722,key723-0,IN_PVALB
723,key724-0,IN_VIP
724,key725-0,Oligo
725,key726-0,OPC
726,key727-0,Oligo
727,key728-0,Oligo
728,key729-0,Oligo
729,key730-0,Oligo
730,key731-0,Astro
731,key732-0,Oligo
732,key733-0,IN_VIP
733,key734-0,Oligo
734,key735-0,Astro
735,key736-0,Oligo
736,key737-0,Oligo
737,key738-0,EN_L2_3_IT
738,key739-0,Oligo
739,key740-0,Astro
740,key741-0,Oligo
741,key742-0,Oligo
742,key743-0,Micro
743,key744-0,OPC
744,key745-0,EN_L2_3_IT
745,key746-0,EN_L2_3_IT
746,key747-0,Oligo
747,key748-0,EN_L6_IT_1
748,key749-0,Oligo
749,key750-0,IN_VIP
750,key751-0,IN_SST
751,key752-0,Micro
752,key753-0,Oligo
753,key754-0,EN_L2_3_IT
754,key755-0,Oligo
755,key756-0,EN_L3_5_IT_3
756,key757-0,Oligo
757,key758-0,IN_LAMP5_RELN
758,key759-0,IN_SST
759,key760-0,OPC
760,key761-0,EN_L2_3_IT
761,key762-0,Oligo
762,key763-0,Oligo
763,key764-0,Oligo
764,key765-0,IN_PVALB
765,key766-0,Oligo
766,key767-0,EN_L3_5_IT_3
767,key768-0,Oligo
768,key769-0,Oligo
769,key770-0,Astro
770,key771-0,Oligo
771,key772-0,Oligo
772,key773-0,IN_LAMP5_RELN
773,key774-0,Astro
774,key775-0,OPC
775,key776-0,Astro
776,key777-0,Oligo
777,key778-0,Oligo
778,key779-0,Astro
779,key780-0,EN_L3_5_IT_3
780,key781-0,Oligo
781,key782-0,IN_SST
782,key783-0,Oligo
783,key784-0,Oligo
784,key785-0,PVM
785,key786-0,Astro
786,key787-0,Astro
787,key788-0,EN_L3_5_IT_2
788,key789-0,IN_VIP
789,key790-0,Oligo
790,key791-0,Astro
791,key792-0,Oligo
792,key793-0,EN_L2_3_IT
793,key794-0,EN_L6_CT
794,key795-0,IN_LAMP5_LHX6
795,key796-0,Oligo
796,key797-0,IN_SST
797,key798-0,IN_VIP
798,key799-0,Oligo
799,key800-0,EN_L2_3_IT
800,key801-0,EN_L2_3_IT
801,key802-0,Oligo
802,key803-0,Oligo
803,key804-0,Astro
804,key805-0,EN_L2_3_IT
805,key806-0,Astro
806,key807-0,Oligo
807,key808-0,Astro
808,key809-0,Oligo
809,key810-0,Astro
810,key811-0,Oligo
811,key812-0,EN_L2_3_IT
812,key813-0,IN_ADARB2
813,key814-0,EN_L3_5_IT_1
814,key815-0,Oligo
815,key816-0,Oligo
816,key817-0,EN_L2_3_IT
817,key818-0,Oligo
818,key819-0,Micro
819,key820-0,OPC
820,key821-0,Astro
821,key822-0,EN_L6_IT_1
822,key823-0,EN_L3_5_IT_2
823,key824-0,Oligo
824,key825-0,Micro
825,key826-0,EN_L2_3_IT
826,key827-0,Oligo
827,key828-0,EN_L2_3_IT
828,key829-0,Oligo
829,key830-0,OPC
830,key831-0,Oligo
831,key832-0,IN_SST
832,key833-0,EN_L2_3_IT
833,key834-0,EN_L2_3_IT
834,key835-0,OPC
835,key836-0,EN_L2_3_IT
836,key837-0,EN_L2_3_IT
837,key838-0,IN_PVALB
838,key839-0,Oligo
839,key840-0,SMC
840,key841-0,OPC
841,key842-0,OPC
842,key843-0,Astro
843,key844-0,Astro
844,key845-0,IN_VIP
845,key846-0,Oligo
846,key847-0,Oligo
847,key848-0,Oligo
848,key849-0,Oligo
849,key850-0,PVM
850,key851-0,EN_L2_3_IT
851,key852-0,Oligo
852,key853-0,Oligo
853,key854-0,IN_PVALB
854,key855-0,Astro
855,key856-0,EN_L3_5_IT_2
856,key857-0,Oligo
857,key858-0,EN_L6B
858,key859-0,Oligo
859,key860-0,IN_SST
860,key861-0,Oligo
861,key862-0,IN_SST
862,key863-0,EN_L2_3_IT
863,key864-0,Oligo
864,key865-0,Oligo
865,key866-0,OPC
866,key867-0,Oligo
867,key868-0,Oligo
868,key869-0,Oligo
869,key870-0,OPC
870,key871-0,Oligo
871,key872-0,EN_L2_3_IT
872,key873-0,EN_L6B
873,key874-0,Oligo
874,key875-0,Oligo
875,key876-0,Astro
876,key877-0,Oligo
877,key878-0,IN_VIP
878,key879-0,Micro
879,key880-0,Oligo
880,key881-0,Oligo
881,key882-0,IN_VIP
882,key883-0,Micro
883,key884-0,Oligo
884,key885-0,IN_SST
885,key886-0,OPC
886,key887-0,OPC
887,key888-0,OPC
888,key889-0,Oligo
889,key890-0,IN_PVALB
890,key891-0,Oligo
891,key892-0,EN_L2_3_IT
892,key893-0,EN_L2_3_IT
893,key894-0,IN_LAMP5_RELN
894,key895-0,Oligo
895,key896-0,Oligo
896,key897-0,EN_L2_3_IT
897,key898-0,EN_L6B
898,key899-0,Oligo
899,key900-0,EN_L3_5_IT_1
900,key901-0,EN_L2_3_IT
901,key902-0,EN_L2_3_IT
902,key903-0,Oligo
903,key904-0,Oligo
904,key905-0,IN_VIP
905,key906-0,EN_L2_3_IT
906,key907-0,Oligo
907,key908-0,Oligo
908,key909-0,IN_SST
909,key910-0,Astro
910,key911-0,Oligo
911,key912-0,Astro
912,key913-0,IN_VIP
913,key914-0,Oligo
914,key915-0,OPC
915,key916-0,Astro
916,key917-0,Oligo
917,key918-0,EN_L3_5_IT_2
918,key919-0,IN_SST
919,key920-0,Micro
920,key921-0,IN_ADARB2
921,key922-0,IN_SST
922,key923-0,Oligo
923,key924-0,Oligo
924,key925-0,Oligo
925,key926-0,IN_ADARB2
926,key927-0,IN_SST
927,key928-0,IN_ADARB2
928,key929-0,Astro
929,key930-0,EN_L2_3_IT
930,key931-0,Micro
931,key932-0,EN_L6_IT_1
932,key933-0,Micro
933,key934-0,Oligo
934,key935-0,Astro
935,key936-0,EN_L2_3_IT
936,key937-0,Oligo
937,key938-0,IN_VIP
938,key939-0,Oligo
939,key940-0,Astro
940,key941-0,Astro
941,key942-0,Oligo
942,key943-0,Oligo
943,key944-0,Oligo
944,key945-0,EN_L2_3_IT
945,key946-0,EN_L2_3_IT
946,key947-0,IN_LAMP5_LHX6
947,key948-0,IN_ADARB2
948,key949-0,Oligo
949,key950-0,Oligo
950,key951-0,Oligo
951,key952-0,Oligo
952,key953-0,Oligo
953,key954-0,Astro
954,key955-0,IN_VIP
955,key956-0,Astro
956,key957-0,OPC
957,key958-0,Astro
958,key959-0,Oligo
959,key960-0,Oligo
960,key961-0,Oligo
961,key962-0,IN_VIP
962,key963-0,IN_PVALB_CHC
963,key964-0,EN_L2_3_IT
964,key965-0,EN_L2_3_IT
965,key966-0,Astro
966,key967-0,Oligo
967,key968-0,EN_L3_5_IT_2
968,key969-0,Astro
969,key970-0,Oligo
970,key971-0,PVM
971,key972-0,IN_VIP
972,key973-0,Oligo
973,key974-0,IN_ADARB2
974,key975-0,Oligo
975,key976-0,IN_SST
976,key977-0,IN_LAMP5_RELN
977,key978-0,Oligo
978,key979-0,Oligo
979,key980-0,Micro
980,key981-0,Oligo
981,key982-0,Oligo
982,key983-0,Oligo
983,key984-0,IN_VIP
984,key985-0,IN_SST
985,key986-0,Oligo
986,key987-0,Oligo
987,key988-0,Micro
988,key989-0,OPC
989,key990-0,IN_PVALB
990,key991-0,Astro
991,key992-0,Oligo
992,key993-0,Oligo
993,key994-0,Oligo
994,key995-0,Oligo
995,key996-0,Micro
996,key997-0,Oligo
997,key998-0,Oligo
998,key999-0,Astro
999,key1000-0,IN_VIP
1000,key1001-0,EN_L6_IT_1
1001,key1002-0,Oligo
1002,key1003-0,Oligo
1003,key1004-0,Astro
1004,key1005-0,EN_L2_3_IT
1005,key1006-0,Oligo
1006,key1007-0,Oligo
1007,key1008-0,IN_ADARB2
1008,key1009-0,Astro
1009,key1010-0,Micro
1010,key1011-0,IN_SST
1011,key1012-0,EN_L3_5_IT_3
1012,key1013-0,EN_L3_5_IT_3
1013,key1014-0,Oligo
1014,key1015-0,Oligo
1015,key1016-0,Oligo
1016,key1017-0,Astro
1017,key1018-0,Astro
1018,key1019-0,Oligo
1019,key1020-0,Oligo
1020,key1021-0,EN_L2_3_IT
1021,key1022-0,IN_PVALB
1022,key1023-0,Oligo
1023,key1024-0,IN_PVALB
1024,key1025-0,Oligo
1025,key1026-0,Oligo
1026,key1027-0,EN_L2_3_IT
1027,key1028-0,OPC
1028,key1029-0,Oligo
1029,key1030-0,IN_ADARB2
1030,key1031-0,Astro
1031,key1032-0,Micro
1032,key1033-0,PVM
1033,key1034-0,Astro
1034,key1035-0,Astro
1035,key1036-0,EN_L2_3_IT
1036,key1037-0,Oligo
1037,key1038-0,Oligo
1038,key1039-0,Astro
1039,key1040-0,EN_L6B
1040,key1041-0,EN_L2_3_IT
1041,key1042-0,Micro
1042,key1043-0,Oligo
1043,key1044-0,Oligo
1044,key1045-0,IN_PVALB
1045,key1046-0,Oligo
1046,key1047-0,Astro
1047,key1048-0,OPC
1048,key1049-0,Astro
1049,key1050-0,Oligo
1050,key1051-0,IN_PVALB_CHC
1051,key1052-0,Oligo
1052,key1053-0,Astro
1053,key1054-0,Oligo
1054,key1055-0,Oligo
1055,key1056-0,Oligo
1056,key1057-0,Oligo
1057,key1058-0,IN_SST
1058,key1059-0,OPC
1059,key1060-0,Oligo
1060,key1061-0,Astro
1061,key1062-0,IN_VIP
1062,key1063-0,Astro
1063,key1064-0,Oligo
1064,key1065-0,Oligo
1065,key1066-0,Micro
1066,key1067-0,Oligo
1067,key1068-0,Astro
1068,key1069-0,OPC
1069,key1070-0,Oligo
1070,key1071-0,Astro
1071,key1072-0,Oligo
1072,key1073-0,Oligo
1073,key1074-0,Astro
1074,key1075-0,Oligo
1075,key1076-0,EN_L2_3_IT
1076,key1077-0,Micro
1077,key1078-0,Astro
1078,key1079-0,Oligo
1079,key1080-0,Oligo
1080,key1081-0,Astro
1081,key1082-0,EN_L2_3_IT
1082,key1083-0,IN_LAMP5_RELN
1083,key1084-0,IN_SST
1084,key1085-0,IN_LAMP5_RELN
1085,key1086-0,IN_PVALB
1086,key1087-0,Micro
1087,key1088-0,Oligo
1088,key1089-0,Oligo
1089,key1090-0,IN_LAMP5_RELN
1090,key1091-0,Oligo
1091,key1092-0,Astro
1092,key1093-0,EN_L6_IT_2
1093,key1094-0,PC
1094,key1095-0,EN_L2_3_IT
1095,key1096-0,VLMC
1096,key1097-0,Oligo
1097,key1098-0,Oligo
1098,key1099-0,Micro
1099,key1100-0,IN_ADARB2
1100,key1101-0,Oligo
1101,key1102-0,Oligo
1102,key1103-0,Astro
1103,key1104-0,IN_PVALB
1104,key1105-0,Oligo
1105,key1106-0,OPC
1106,key1107-0,EN_L2_3_IT
1107,key1108-0,Astro
1108,key1109-0,OPC
1109,key1110-0,Micro
1110,key1111-0,Astro
1111,key1112-0,Oligo
1112,key1113-0,OPC
1113,key1114-0,Micro
1114,key1115-0,EN_L2_3_IT
1115,key1116-0,Oligo
1116,key1117-0,IN_PVALB
1117,key1118-0,Oligo
1118,key1119-0,Oligo
1119,key1120-0,EN_L2_3_IT
1120,key1121-0,EN_L6_IT_1
1121,key1122-0,Oligo
1122,key1123-0,OPC
1123,key1124-0,Micro
1124,key1125-0,Oligo
1125,key1126-0,EN_L6_IT_1
1126,key1127-0,EN_L2_3_IT
1127,key1128-0,Oligo
1128,key1129-0,Oligo
1129,key1130-0,Astro
1130,key1131-0,Oligo
1131,key1132-0,IN_SST
1132,key1133-0,EN_L3_5_IT_3
1133,key1134-0,EN_L2_3_IT
1134,key1135-0,Oligo
1135,key1136-0,Oligo
1136,key1137-0,EN_L2_3_IT
1137,key1138-0,Astro
1138,key1139-0,IN_PVALB
1139,key1140-0,Micro
1140,key1141-0,Oligo
1141,key1142-0,Astro
1142,key1143-0,EN_L6_CT
1143,key1144-0,IN_VIP
1144,key1145-0,Astro
1145,key1146-0,IN_PVALB_CHC
1146,key1147-0,EN_L2_3_IT
1147,key1148-0,Oligo
1148,key1149-0,Oligo
1149,key1150-0,IN_VIP
1150,key1151-0,EN_L2_3_IT
1151,key1152-0,Astro
1152,key1153-0,VLMC
1153,key1154-0,EN_L2_3_IT
1154,key1155-0,Astro
1155,key1156-0,IN_PVALB_CHC
1156,key1157-0,EN_L3_5_IT_2
1157,key1158-0,Oligo
1158,key1159-0,EN_L3_5_IT_2
1159,key1160-0,Oligo
1160,key1161-0,EN_L3_5_IT_1
1161,key1162-0,Astro
1162,key1163-0,EN_L2_3_IT
1163,key1164-0,Oligo
1164,key1165-0,VLMC
1165,key1166-0,IN_ADARB2
1166,key1167-0,IN_VIP
1167,key1168-0,Oligo
1168,key1169-0,IN_VIP
1169,key1170-0,Oligo
1170,key1171-0,EN_L2_3_IT
1171,key1172-0,Astro
1172,key1173-0,Oligo
1173,key1174-0,Oligo
1174,key1175-0,IN_SST
1175,key1176-0,Oligo
1176,key1177-0,Oligo
1177,key1178-0,Oligo
1178,key1179-0,Oligo
1179,key1180-0,IN_VIP
1180,key1181-0,Oligo
1181,key1182-0,Oligo
1182,key1183-0,IN_SST
1183,key1184-0,Oligo
1184,key1185-0,OPC
1185,key1186-0,Astro
1186,key1187-0,Oligo
1187,key1188-0,Oligo
1188,key1189-0,EN_L3_5_IT_2
1189,key1190-0,Astro
1190,key1191-0,Oligo
1191,key1192-0,EN_L2_3_IT
1192,key1193-0,Micro
1193,key1194-0,Oligo
1194,key1195-0,EN_L2_3_IT
1195,key1196-0,Oligo
1196,key1197-0,Oligo
1197,key1198-0,EN_L2_3_IT
1198,key1199-0,Oligo
1199,key1200-0,EN_L6_IT_1
1200,key1201-0,EN_L2_3_IT
1201,key1202-0,IN_VIP
1202,key1203-0,OPC
1203,key1204-0,EN_L3_5_IT_2
1204,key1205-0,Astro
1205,key1206-0,Micro
1206,key1207-0,Oligo
1207,key1208-0,IN_PVALB
1208,key1209-0,PC
1209,key1210-0,OPC
1210,key1211-0,Oligo
1211,key1212-0,OPC
1212,key1213-0,Astro
1213,key1214-0,OPC
1214,key1215-0,EN_L3_5_IT_2
1215,key1216-0,EN_L2_3_IT
1216,key1217-0,EN_L3_5_IT_3
1217,key1218-0,Oligo
1218,key1219-0,Micro
1219,key1220-0,Oligo
1220,key1221-0,IN_PVALB_CHC
1221,key1222-0,OPC
1222,key1223-0,Oligo
1223,key1224-0,Astro
1224,key1225-0,IN_ADARB2
1225,key1226-0,Astro
1226,key1227-0,EN_L2_3_IT
1227,key1228-0,Astro
1228,key1229-0,Oligo
1229,key1230-0,EN_L6_IT_2
1230,key1231-0,Oligo
1231,key1232-0,Oligo
1232,key1233-0,Astro
1233,key1234-0,Oligo
1234,key1235-0,Oligo
1235,key1236-0,EN_L2_3_IT
1236,key1237-0,Astro
1237,key1238-0,IN_ADARB2
1238,key1239-0,Astro
1239,key1240-0,EN_L3_5_IT_2
1240,key1241-0,Oligo
1241,key1242-0,Oligo
1242,key1243-0,Oligo
1243,key1244-0,Astro
1244,key1245-0,Oligo
1245,key1246-0,Oligo
1246,key1247-0,Oligo
1247,key1248-0,Oligo
1248,key1249-0,Oligo
1249,key1250-0,IN_VIP
1250,key1251-0,Micro
1251,key1252-0,Oligo
1252,key1253-0,Oligo
1253,key1254-0,Oligo
1254,key1255-0,Oligo
1255,key1256-0,EN_L3_5_IT_3
1256,key1257-0,Oligo
1257,key1258-0,IN_ADARB2
1258,key1259-0,Oligo
1259,key1260-0,OPC
1260,key1261-0,Oligo
1261,key1262-0,OPC
1262,key1263-0,EN_L3_5_IT_1
1263,key1264-0,EN_L2_3_IT
1264,key1265-0,Oligo
1265,key1266-0,IN_PVALB_CHC
1266,key1267-0,Astro
1267,key1268-0,Oligo
1268,key1269-0,EN_L2_3_IT
1269,key1270-0,EN_L2_3_IT
1270,key1271-0,EN_L3_5_IT_3
1271,key1272-0,IN_SST
1272,key1273-0,EN_L2_3_IT
1273,key1274-0,Oligo
1274,key1275-0,EN_L3_5_IT_3
1275,key1276-0,Astro
1276,key1277-0,VLMC
1277,key1278-0,Oligo
1278,key1279-0,Oligo
1279,key1280-0,Micro
1280,key1281-0,EN_L2_3_IT
1281,key1282-0,IN_SST
1282,key1283-0,Oligo
1283,key1284-0,Oligo
1284,key1285-0,Oligo
1285,key1286-0,Oligo
1286,key1287-0,Oligo
1287,key1288-0,Oligo
1288,key1289-0,Oligo
1289,key1290-0,Oligo
1290,key1291-0,EN_L3_5_IT_3
1291,key1292-0,EN_L3_5_IT_3
1292,key1293-0,PVM
1293,key1294-0,Oligo
1294,key1295-0,EN_L2_3_IT
1295,key1296-0,Oligo
1296,key1297-0,Oligo
1297,key1298-0,IN_PVALB
1298,key1299-0,Oligo
1299,key1300-0,Oligo
1300,key1301-0,Oligo
1301,key1302-0,IN_ADARB2
1302,key1303-0,Micro
1303,key1304-0,Oligo
1304,key1305-0,IN_SST
1305,key1306-0,Oligo
1306,key1307-0,Oligo
1307,key1308-0,Oligo
1308,key1309-0,EN_L2_3_IT
1309,key1310-0,Oligo
1310,key1311-0,IN_VIP
1311,key1312-0,Astro
1312,key1313-0,Micro
1313,key1314-0,Oligo
1314,key1315-0,IN_VIP
1315,key1316-0,Micro
1316,key1317-0,IN_SST
1317,key1318-0,Oligo
1318,key1319-0,OPC
1319,key1320-0,IN_LAMP5_LHX6
1320,key1321-0,OPC
1321,key1322-0,IN_VIP
1322,key1323-0,EN_L2_3_IT
1323,key1324-0,IN_PVALB
1324,key1325-0,IN_PVALB
1325,key1326-0,IN_PVALB
1326,key1327-0,IN_VIP
1327,key1328-0,Astro
1328,key1329-0,Oligo
1329,key1330-0,VLMC
1330,key1331-0,EN_L6_CT
1331,key1332-0,IN_VIP
1332,key1333-0,EN_L2_3_IT
1333,key1334-0,EN_L2_3_IT
1334,key1335-0,EN_L2_3_IT
1335,key1336-0,EN_L6B
1336,key1337-0,VLMC
1337,key1338-0,Oligo
1338,key1339-0,EN_L3_5_IT_3
1339,key1340-0,Oligo
1340,key1341-0,EN_L2_3_IT
1341,key1342-0,EN_L2_3_IT
1342,key1343-0,Oligo
1343,key1344-0,Oligo
1344,key1345-0,Oligo
1345,key1346-0,Oligo
1346,key1347-0,Oligo
1347,key1348-0,Oligo
1348,key1349-0,Oligo
1349,key1350-0,Micro
1350,key1351-0,Astro
1351,key1352-0,Oligo
1352,key1353-0,Astro
1353,key1354-0,Astro
1354,key1355-0,Oligo
1355,key1356-0,Oligo
1356,key1357-0,EN_L2_3_IT
1357,key1358-0,EN_L2_3_IT
1358,key1359-0,Astro
1359,key1360-0,IN_ADARB2
1360,key1361-0,IN_PVALB
1361,key1362-0,Astro
1362,key1363-0,Oligo
1363,key1364-0,EN_L6_CT
1364,key1365-0,Astro
1365,key1366-0,EN_L2_3_IT
1366,key1367-0,Oligo
1367,key1368-0,Astro
1368,key1369-0,Oligo
1369,key1370-0,IN_SST
1370,key1371-0,Oligo
1371,key1372-0,IN_ADARB2
1372,key1373-0,Oligo
1373,key1374-0,IN_PVALB_CHC
1374,key1375-0,EN_L2_3_IT
1375,key1376-0,EN_L2_3_IT
1376,key1377-0,Micro
1377,key1378-0,Micro
1378,key1379-0,OPC
1379,key1380-0,Oligo
1380,key1381-0,Oligo
1381,key1382-0,Micro
1382,key1383-0,Astro
1383,key1384-0,EN_L3_5_IT_3
1384,key1385-0,Oligo
1385,key1386-0,Oligo
1386,key1387-0,Oligo
1387,key1388-0,Astro
1388,key1389-0,Oligo
1389,key1390-0,IN_VIP
1390,key1391-0,Oligo
1391,key1392-0,EN_L3_5_IT_3
1392,key1393-0,EN_L3_5_IT_3
1393,key1394-0,Oligo
1394,key1395-0,EN_L2_3_IT
1395,key1396-0,IN_VIP
1396,key1397-0,Oligo
1397,key1398-0,OPC
1398,key1399-0,Micro
1399,key1400-0,IN_SST
1400,key1401-0,Oligo
1401,key1402-0,Oligo
1402,key1403-0,Oligo
1403,key1404-0,IN_SST
1404,key1405-0,IN_SST
1405,key1406-0,Oligo
1406,key1407-0,IN_VIP
1407,key1408-0,OPC
1408,key1409-0,Oligo
1409,key1410-0,EN_L2_3_IT
1410,key1411-0,Oligo
1411,key1412-0,Oligo
1412,key1413-0,Astro
1413,key1414-0,Astro
1414,key1415-0,Oligo
1415,key1416-0,Oligo
1416,key1417-0,IN_SST
1417,key1418-0,EN_L2_3_IT
1418,key1419-0,Oligo
1419,key1420-0,IN_PVALB_CHC
1420,key1421-0,Astro
1421,key1422-0,EN_L2_3_IT
1422,key1423-0,IN_VIP
1423,key1424-0,IN_SST
1424,key1425-0,EN_L3_5_IT_3
1425,key1426-0,IN_VIP
1426,key1427-0,Astro
1427,key1428-0,EN_L2_3_IT
1428,key1429-0,Micro
1429,key1430-0,Astro
1430,key1431-0,Oligo
1431,key1432-0,Oligo
1432,key1433-0,EN_L2_3_IT
1433,key1434-0,Oligo
1434,key1435-0,Oligo
1435,key1436-0,Micro
1436,key1437-0,Oligo
1437,key1438-0,EN_L2_3_IT
1438,key1439-0,Oligo
1439,key1440-0,Oligo
1440,key1441-0,OPC
1441,key1442-0,EN_L6B
1442,key1443-0,Oligo
1443,key1444-0,IN_PVALB
1444,key1445-0,Micro
1445,key1446-0,Oligo
1446,key1447-0,PVM
1447,key1448-0,Micro
1448,key1449-0,EN_L2_3_IT
1449,key1450-0,Oligo
1450,key1451-0,Oligo
1451,key1452-0,Oligo
1452,key1453-0,Astro
1453,key1454-0,IN_VIP
1454,key1455-0,Astro
1455,key1456-0,Oligo
1456,key1457-0,IN_LAMP5_RELN
1457,key1458-0,Astro
1458,key1459-0,Oligo
1459,key1460-0,EN_L3_5_IT_3
1460,key1461-0,Oligo
1461,key1462-0,Oligo
1462,key1463-0,IN_PVALB
1463,key1464-0,EN_L2_3_IT
1464,key1465-0,Astro
1465,key1466-0,Oligo
1466,key1467-0,Astro
1467,key1468-0,Oligo
1468,key1469-0,Astro
1469,key1470-0,Micro
1470,key1471-0,Micro
1471,key1472-0,Micro
1472,key1473-0,EN_L6_CT
1473,key1474-0,Oligo
1474,key1475-0,IN_VIP
1475,key1476-0,OPC
1476,key1477-0,OPC
1477,key1478-0,IN_SST
1478,key1479-0,EN_L6_IT_1
1479,key1480-0,EN_L6B
1480,key1481-0,Oligo
1481,key1482-0,Micro
1482,key1483-0,Oligo
1483,key1484-0,OPC
1484,key1485-0,Micro
1485,key1486-0,Oligo
1486,key1487-0,IN_PVALB
1487,key1488-0,Astro
1488,key1489-0,Micro
1489,key1490-0,Astro
1490,key1491-0,Oligo
1491,key1492-0,IN_ADARB2
1492,key1493-0,Astro
1493,key1494-0,Oligo
1494,key1495-0,Oligo
1495,key1496-0,Oligo
1496,key1497-0,IN_SST
1497,key1498-0,EN_L3_5_IT_3
1498,key1499-0,Astro
1499,key1500-0,Oligo
1500,key1501-0,EN_L2_3_IT
1501,key1502-0,IN_PVALB
1502,key1503-0,Astro
1503,key1504-0,EN_L2_3_IT
1504,key1505-0,Oligo
1505,key1506-0,Oligo
1506,key1507-0,IN_LAMP5_RELN
1507,key1508-0,EN_L6_IT_1
1508,key1509-0,Oligo
1509,key1510-0,EN_L6_CT
1510,key1511-0,EN_L6_IT_1
1511,key1512-0,Oligo
1512,key1513-0,EN_L3_5_IT_3
1513,key1514-0,IN_VIP
1514,key1515-0,Oligo
1515,key1516-0,Astro
1516,key1517-0,Oligo
1517,key1518-0,EN_L2_3_IT
1518,key1519-0,EN_L6_CT
1519,key1520-0,Oligo
1520,key1521-0,IN_VIP
1521,key1522-0,IN_PVALB
1522,key1523-0,Astro
1523,key1524-0,IN_LAMP5_LHX6
1524,key1525-0,IN_VIP
1525,key1526-0,EN_L2_3_IT
1526,key1527-0,Micro
1527,key1528-0,EN_L6_IT_1
1528,key1529-0,Astro
1529,key1530-0,Oligo
1530,key1531-0,Oligo
1531,key1532-0,EN_L3_5_IT_2
1532,key1533-0,Oligo
1533,key1534-0,Oligo
1534,key1535-0,IN_VIP
1535,key1536-0,EN_L6B
1536,key1537-0,PVM
1537,key1538-0,OPC
1538,key1539-0,Oligo
1539,key1540-0,Oligo
1540,key1541-0,IN_SST
1541,key1542-0,Micro
1542,key1543-0,Oligo
1543,key1544-0,Oligo
1544,key1545-0,Oligo
1545,key1546-0,Oligo
1546,key1547-0,IN_VIP
1547,key1548-0,Oligo
1548,key1549-0,Oligo
1549,key1550-0,Endo
1550,key1551-0,Oligo
1551,key1552-0,IN_VIP
1552,key1553-0,EN_L2_3_IT
1553,key1554-0,Oligo
1554,key1555-0,EN_L2_3_IT
1555,key1556-0,EN_L6_IT_1
1556,key1557-0,Astro
1557,key1558-0,Astro
1558,key1559-0,Astro
1559,key1560-0,Oligo
1560,key1561-0,Astro
1561,key1562-0,PC
1562,key1563-0,EN_L2_3_IT
1563,key1564-0,IN_VIP
1564,key1565-0,Oligo
1565,key1566-0,Oligo
1566,key1567-0,Oligo
1567,key1568-0,IN_VIP
1568,key1569-0,Micro
1569,key1570-0,Astro
1570,key1571-0,Oligo
1571,key1572-0,Oligo
1572,key1573-0,IN_ADARB2
1573,key1574-0,EN_L2_3_IT
1574,key1575-0,Oligo
1575,key1576-0,Oligo
1576,key1577-0,Astro
1577,key1578-0,IN_VIP
1578,key1579-0,Oligo
1579,key1580-0,Astro
1580,key1581-0,IN_LAMP5_LHX6
1581,key1582-0,IN_ADARB2
1582,key1583-0,Oligo
1583,key1584-0,Astro
1584,key1585-0,Oligo
1585,key1586-0,EN_L3_5_IT_3
1586,key1587-0,IN_VIP
1587,key1588-0,Oligo
1588,key1589-0,Oligo
1589,key1590-0,EN_L3_5_IT_2
1590,key1591-0,IN_ADARB2
1591,key1592-0,IN_PVALB
1592,key1593-0,Astro
1593,key1594-0,EN_L2_3_IT
1594,key1595-0,OPC
1595,key1596-0,Oligo
1596,key1597-0,Astro
1597,key1598-0,EN_L2_3_IT
1598,key1599-0,Oligo
1599,key1600-0,Oligo
1600,key1601-0,IN_VIP
1601,key1602-0,Oligo
1602,key1603-0,Micro
1603,key1604-0,Oligo
1604,key1605-0,Astro
1605,key1606-0,IN_VIP
1606,key1607-0,IN_VIP
1607,key1608-0,Oligo
1608,key1609-0,Astro
1609,key1610-0,Oligo
1610,key1611-0,IN_PVALB
1611,key1612-0,IN_SST
1612,key1613-0,Oligo
1613,key1614-0,EN_L6_CT
1614,key1615-0,Astro
1615,key1616-0,Oligo
1616,key1617-0,OPC
1617,key1618-0,Oligo
1618,key1619-0,IN_ADARB2
1619,key1620-0,Micro
1620,key1621-0,IN_PVALB
1621,key1622-0,Oligo
1622,key1623-0,Micro
1623,key1624-0,Astro
1624,key1625-0,EN_L2_3_IT
1625,key1626-0,IN_LAMP5_RELN
1626,key1627-0,OPC
1627,key1628-0,Oligo
1628,key1629-0,EN_L2_3_IT
1629,key1630-0,Oligo
1630,key1631-0,Oligo
1631,key1632-0,Oligo
1632,key1633-0,IN_SST
1633,key1634-0,EN_L2_3_IT
1634,key1635-0,Oligo
1635,key1636-0,EN_L6_CT
1636,key1637-0,Oligo
1637,key1638-0,EN_L3_5_IT_3
1638,key1639-0,IN_ADARB2
1639,key1640-0,EN_L3_5_IT_3
1640,key1641-0,PVM
1641,key1642-0,IN_PVALB_CHC
1642,key1643-0,Oligo
1643,key1644-0,Oligo
1644,key1645-0,IN_ADARB2
1645,key1646-0,Astro
1646,key1647-0,Oligo
1647,key1648-0,Astro
1648,key1649-0,Oligo
1649,key1650-0,IN_PVALB
1650,key1651-0,IN_SST
1651,key1652-0,IN_SST
1652,key1653-0,Oligo
1653,key1654-0,Oligo
